<?xml version="1.0" encoding="UTF-8"?>
<LightningComponentBundle xmlns="http://soap.sforce.com/2006/04/metadata">
    <apiVersion>56.0</apiVersion>
    <isExposed>true</isExposed>
    <targets>
        <target>lightning__AppPage</target>
        <target>lightning__RecordPage</target>
        <target>lightning__HomePage</target>
        <target>lightning__Tab</target>
        <target>lightning__FlowScreen</target>
    </targets>


    <targetConfigs>  
        <targetConfig targets="lightning__RecordPage">
            <property name="relatedListObjectNamePlural" type="String" default="Contacts" label="Enter Related List Object Name Plural"/>
            <property name="relatedListObjectNameSingular" type="String" default="Contact" label="Enter Related List Object Name Singular"/> 
        </targetConfig>
    </targetConfigs>
</LightningComponentBundle>